<?xml version="1.0" encoding="UTF-8"?>
<!--
~  Copyright (c) 2016, WSO2 Inc. (http://www.wso2.org) All Rights Reserved.
~
~  WSO2 Inc. licenses this file to you under the Apache License,
~  Version 2.0 (the "License"); you may not use this file except
~  in compliance with the License.
~  You may obtain a copy of the License at
~
~    http://www.apache.org/licenses/LICENSE-2.0
~
~  Unless required by applicable law or agreed to in writing,
~  software distributed under the License is distributed on an
~  "AS IS" BASIS, WITHOUT WARRANTIES OR CONDITIONS OF ANY
~  KIND, either express or implied.  See the License for the
~  specific language governing permissions and limitations
~  under the License.
-->

<component name="github-gitdata" type="synapse/template">
    <subComponents>
        <component name="getBlob">
            <file>getBlob.xml</file>
            <description>Retrieves a blob</description>
        </component>
        <component name="getTag">
            <file>getTag.xml</file>
            <description>Retrieves a Tag</description>
        </component>
        <component name="createBlob">
            <file>createBlob.xml</file>
            <description>Uploads a blob</description>
        </component>
        <component name="createCommit">
            <file>createCommit.xml</file>
            <description>Creates a comment</description>
        </component>
        <component name="getCommit">
            <file>getCommit.xml</file>
            <description>Creates a comment</description>
        </component>
    </subComponents>
</component>