<?xml version="1.0" encoding="UTF-8"?>
<!--
~  Copyright (c) 2016, WSO2 Inc. (http://www.wso2.org) All Rights Reserved.
~
~  WSO2 Inc. licenses this file to you under the Apache License,
~  Version 2.0 (the "License"); you may not use this file except
~  in compliance with the License.
~  You may obtain a copy of the License at
~
~    http://www.apache.org/licenses/LICENSE-2.0
~
~  Unless required by applicable law or agreed to in writing,
~  software distributed under the License is distributed on an
~  "AS IS" BASIS, WITHOUT WARRANTIES OR CONDITIONS OF ANY
~  KIND, either express or implied.  See the License for the
~  specific language governing permissions and limitations
~  under the License.
-->

<component name="github-statistics" type="synapse/template">
    <subComponents>
        <component name="getContributorsList">
            <file>getContributorsList.xml</file>
            <description>Get contributors list with additions, deletions, and commit counts</description>
        </component>
        <component name="getCommitActivity">
            <file>getCommitActivity.xml</file>
            <description>Returns the last year of commit activity grouped by week</description>
        </component>
        <component name="getCodeFrequency">
            <file>getCodeFrequency.xml</file>
            <description>Returns a weekly aggregate of the number of additions and deletions pushed to a repository
            </description>
        </component>
        <component name="getRepoWeeklyCommit">
            <file>getRepoWeeklyCommit.xml</file>
            <description>Returns the total commit counts for the owner and total commit counts in all</description>
        </component>
        <component name="getPunchCard">
            <file>getPunchCard.xml</file>
            <description>Each array contains the day number, hour number, and number of commits</description>
        </component>
    </subComponents>
</component>