<?xml version="1.0" encoding="UTF-8"?><artifacts>
    <artifact name="github-connector-1.0.3" groupId="com.example.GithubToSpreadsheetEXP.lib" version="SNAPSHOT" type="synapse/lib" serverRole="EnterpriseServiceBus">
        <file>github-connector-1.0.3-SNAPSHOT.zip</file>
    </artifact>
    <artifact name="googlespreadsheet-connector-3.0.1" groupId="com.example.GithubToSpreadsheetEXP.lib" version="SNAPSHOT" type="synapse/lib" serverRole="EnterpriseServiceBus">
        <file>googlespreadsheet-connector-3.0.1-SNAPSHOT.zip</file>
    </artifact>
</artifacts>
