<?xml version="1.0" encoding="UTF-8"?>
<!--
~  Copyright (c) 2016, WSO2 Inc. (http://www.wso2.org) All Rights Reserved.
~
~  WSO2 Inc. licenses this file to you under the Apache License,
~  Version 2.0 (the "License"); you may not use this file except
~  in compliance with the License.
~  You may obtain a copy of the License at
~
~    http://www.apache.org/licenses/LICENSE-2.0
~
~  Unless required by applicable law or agreed to in writing,
~  software distributed under the License is distributed on an
~  "AS IS" BASIS, WITHOUT WARRANTIES OR CONDITIONS OF ANY
~  KIND, either express or implied.  See the License for the
~  specific language governing permissions and limitations
~  under the License.
-->

<template name="listContributors" xmlns="http://ws.apache.org/ns/synapse">
    <parameter name="repo" description="Owner of the repository"/>
    <parameter name="owner" description="Name of the repository"/>
    <parameter name="anon"
               description="Set to 1 or true to include anonymous contributors in results"/>
    <parameter name="page" description="Page number"/>
    <parameter name="perPage" description="Items per page"/>
    <sequence>
        <property expression="$func:repo" name="uri.var.repo" scope="default"
                  type="STRING"/>
        <property expression="$func:owner" name="uri.var.owner"
                  scope="default" type="STRING"/>
        <property expression="$func:anon" name="uri.var.anon" scope="default"
                  type="STRING"/>
        <property expression="$func:page" name="uri.var.page" scope="default"
                  type="STRING"/>
        <property expression="$func:perPage" name="uri.var.perPage"/>
        <property name="uri.var.urlQuery" scope="default" type="STRING"
                  value=""/>
        <script language="js"><![CDATA[var repo = mc.getProperty("uri.var.repo");
                var owner = mc.getProperty("uri.var.owner"); 
                var anon = mc.getProperty("uri.var.anon");
                var page = mc.getProperty("uri.var.page");
                var perPage = mc.getProperty("uri.var.perPage");
                var urlQuery = "";
                  // constructing the optional url parameters
                  if (anon!=null && anon!= ""){
                     urlQuery+='anon='+ anon +'&';
                  }
                  if (page!=null && page!= ""){
                     urlQuery+='page=' + page + '&';
                  }
                  if (perPage != null && perPage != ""){
                     urlQuery += 'per_page=' + perPage +'&';
                  }
                  if(urlQuery!=""){
                     urlQuery = '?' + urlQuery.substring(0,urlQuery.length-1);
                  }
                  mc.setProperty('uri.var.urlQuery', urlQuery);]]></script>
        <call>
            <endpoint>
                <http method="get" trace="disable"
                      uri-template="{+uri.var.apiUrl}/repos/{+uri.var.owner}/{+uri.var.repo}/contributors{+uri.var.urlQuery}"/>
            </endpoint>
        </call>
    </sequence>
</template>