<?xml version="1.0" encoding="UTF-8"?>
<!--
~  Copyright (c) 2016, WSO2 Inc. (http://wso2.com) All Rights Reserved.
~
~  WSO2 Inc. licenses this file to you under the Apache License,
~  Version 2.0 (the "License"); you may not use this file except
~  in compliance with the License.
~  You may obtain a copy of the License at
~
~   http://www.apache.org/licenses/LICENSE-2.0
~
~  Unless required by applicable law or agreed to in writing,
~  software distributed under the License is distributed on an
~  "AS IS" BASIS, WITHOUT WARRANTIES OR CONDITIONS OF ANY
~  KIND, either express or implied.  See the License for the
~  specific language governing permissions and limitations
~  under the License.
-->
<component name="netsuite-fetch" type="synapse/template">
    <subComponents>
        <component name="getList">
            <file>getList.xml</file>
            <description>Use to retrieve a list of one or more records by providing the unique ids that identify those
                records.
            </description>
        </component>
        <component name="getAll">
            <file>getAll.xml</file>
            <description>Use to return a list of records that do not have a search interface.</description>
        </component>
        <component name="getItemAvailability">
            <file>getItemAvailability.xml</file>
            <description>Use to retrieve the inventory availability for a given list of items.</description>
        </component>
        <component name="search">
            <file>search.xml</file>
            <description>Use to search for a set of records based on specific search criteria.</description>
        </component>
        <component name="getCustomizationId">
            <file>getCustomizationId.xml</file>
            <description>Use to retrieve the internalIds externalIds and or or scriptIds of all custom objects of a
                specified type.
            </description>
        </component>
        <component name="getSelectValue">
            <file>getSelectValue.xml</file>
            <description>Use to retrieve valid values for a given recordRef field where the referenced record type is
                not yet exposed in the Web services API or when the logged in role does not have permission to the
                instances of the record type.
            </description>
        </component>
        <component name="getDataCenterUrls">
            <file>getDataCenterUrls.xml</file>
            <description>Use for dynamic discovery of data-center-specific URLs for partner applications access to
                NetSuite.
            </description>
        </component>
    </subComponents>
</component>