<?xml version="1.0" encoding="UTF-8"?>
<!--
~  Copyright (c) 2016, WSO2 Inc. (http://wso2.com) All Rights Reserved.
~
~  WSO2 Inc. licenses this file to you under the Apache License,
~  Version 2.0 (the "License"); you may not use this file except
~  in compliance with the License.
~  You may obtain a copy of the License at
~
~   http://www.apache.org/licenses/LICENSE-2.0
~
~  Unless required by applicable law or agreed to in writing,
~  software distributed under the License is distributed on an
~  "AS IS" BASIS, WITHOUT WARRANTIES OR CONDITIONS OF ANY
~  KIND, either express or implied.  See the License for the
~  specific language governing permissions and limitations
~  under the License.
-->
<template name="getAll" xmlns="http://ws.apache.org/ns/synapse">
    <parameter name="record" description="Required record element should be provided here."/>
    <sequence>
        <property name="uri.var.record" expression="$func:record"/>
        <payloadFactory media-type="xml">
            <format>
                <soapenv:Envelope xmlns:soapenv="http://schemas.xmlsoap.org/soap/envelope/"
                                  xmlns:platformMsgs="urn:messages_2014_1.platform.webservices.netsuite.com"
                                  xmlns:xsi="http://www.w3.org/2001/XMLSchema-instance"
                                  xmlns:platformCore="urn:core_2014_1.platform.webservices.netsuite.com">
                    <soapenv:Header>
                        <platformMsgs:preferences>
                            <platformMsgs:warningAsError>$1</platformMsgs:warningAsError>
                            <platformMsgs:disableMandatoryCustomFieldValidation>$2
                            </platformMsgs:disableMandatoryCustomFieldValidation>
                            <platformMsgs:disableSystemNotesForCustomFields>$3
                            </platformMsgs:disableSystemNotesForCustomFields>
                            <platformMsgs:ignoreReadOnlyFields>$4</platformMsgs:ignoreReadOnlyFields>
                        </platformMsgs:preferences>
                        <platformMsgs:partnerInfo>
                            <platformMsgs:partnerId>$5</platformMsgs:partnerId>
                        </platformMsgs:partnerInfo>
                        <platformMsgs:applicationInfo>
                            <platformMsgs:applicationId>$6</platformMsgs:applicationId>
                        </platformMsgs:applicationInfo>
                        <platformMsgs:passport>
                            <platformCore:email>$7</platformCore:email>
                            <platformCore:password>$8</platformCore:password>
                            <platformCore:account>$9</platformCore:account>
                            <platformCore:role internalId="$10" externalId="$11" type="$12">
                                <platformCore:name>$13</platformCore:name>
                            </platformCore:role>
                        </platformMsgs:passport>
                    </soapenv:Header>
                    <soapenv:Body>
                        <platformMsgs:getAll>
                            $14
                        </platformMsgs:getAll>
                    </soapenv:Body>
                </soapenv:Envelope>
            </format>
            <args>
                <arg expression="get-property('uri.var.warningAsError')"/>
                <arg expression="get-property('uri.var.disableMandatoryCustomFieldValidation')"/>
                <arg expression="get-property('uri.var.disableSystemNotesForCustomFields')"/>
                <arg expression="get-property('uri.var.ignoreReadOnlyFields')"/>
                <arg expression="get-property('uri.var.partnerId')"/>
                <arg expression="get-property('uri.var.applicationId')"/>
                <arg expression="get-property('uri.var.email')"/>
                <arg expression="get-property('uri.var.password')"/>
                <arg expression="get-property('uri.var.account')"/>
                <arg expression="get-property('uri.var.roleInternalId')"/>
                <arg expression="get-property('uri.var.roleExternalId')"/>
                <arg expression="get-property('uri.var.roleType')"/>
                <arg expression="get-property('uri.var.roleName')"/>
                <arg expression="get-property('uri.var.record')"/>
            </args>
        </payloadFactory>
        <header name="Action" value="getAll"/>
        <filter source="$ctx:netsuiteBlocking" regex="true">
            <then>
                <call blocking="true">
                    <endpoint>
                        <default format="soap11"/>
                    </endpoint>
                </call>
            </then>
            <else>
                <call>
                    <endpoint>
                        <default format="soap11"/>
                    </endpoint>
                </call>
            </else>
        </filter>
        <!-- Remove response custom header information -->
        <header name="X-Powered-By" scope="transport" action="remove"/>
        <header name="P3P" scope="transport" action="remove"/>
        <header name="NS_RTIMER_COMPOSITE" scope="transport" action="remove"/>
        <header name="Vary" scope="transport" action="remove"/>
    </sequence>
</template>