<?xml version="1.0" encoding="UTF-8"?>
<!--
~  Copyright (c) 2017, WSO2 Inc. (http://www.wso2.org) All Rights Reserved.
~
~  WSO2 Inc. licenses this file to you under the Apache License,
~  Version 2.0 (the "License"); you may not use this file except
~  in compliance with the License.
~  You may obtain a copy of the License at
~
~    http://www.apache.org/licenses/LICENSE-2.0
~
~  Unless required by applicable law or agreed to in writing,
~  software distributed under the License is distributed on an
~  "AS IS" BASIS, WITHOUT WARRANTIES OR CONDITIONS OF ANY
~  KIND, either express or implied.  See the License for the
~  specific language governing permissions and limitations
~  under the License.
-->
<component name="updateEntities" type="synapse/template">
    <subComponents>
        <component name="updateEntity">
            <file>updateEntity.xml</file>
            <description>Updates an existing entity with the relevant values.</description>
        </component>
        <component name="updateEntityWithDataReturnedOrSinglePropertyValue">
            <file>updateEntityWithDataReturnedOrSinglePropertyValue.xml</file>
            <description>To retrieve data in the response when updating the specific entity with relevant details or
                Update the single property of an entity.
            </description>
        </component>
        <component name="upsertEntity">
            <file>upsertEntity.xml</file>
            <description>An upsert ordinarily operates by creating an entity if it doesn’t exist; otherwise, it updates
                an existing entity.
            </description>
        </component>
    </subComponents>
</component>