<?xml version="1.0" encoding="UTF-8"?>
<!--
~  Copyright (c) 2017, WSO2 Inc. (http://www.wso2.org) All Rights Reserved.
~
~  WSO2 Inc. licenses this file to you under the Apache License,
~  Version 2.0 (the "License"); you may not use this file except
~  in compliance with the License.
~  You may obtain a copy of the License at
~
~    http://www.apache.org/licenses/LICENSE-2.0
~
~  Unless required by applicable law or agreed to in writing,
~  software distributed under the License is distributed on an
~  "AS IS" BASIS, WITHOUT WARRANTIES OR CONDITIONS OF ANY
~  KIND, either express or implied.  See the License for the
~  specific language governing permissions and limitations
~  under the License.
-->
<component name="retrieveEntities" type="synapse/template">
    <subComponents>
        <component name="retrieveEntity">
            <file>retrieveEntity.xml</file>
            <description>TO returns data for a specific entity instance with the primary key value or or alternate key
                of entity type.
            </description>
        </component>
        <component name="retrieveSpecificProperties">
            <file>retrieveSpecificProperties.xml</file>
            <description>To retrieves specific properties for the specific entity with the primary key value.
            </description>
        </component>
        <component name="retrieveSingleProperty">
            <file>retrieveSingleProperty.xml</file>
            <description>To returns only the value of the specific property of a entity type.</description>
        </component>
        <component name="retrieveNavigationPropertyValues">
            <file>retrieveNavigationPropertyValues.xml</file>
            <description>To retrieve the data of an entity using single valued navigation property or collection
                valued navigation property.
            </description>
        </component>
        <component name="retrieveByExpandingNavigationProperties">
            <file>retrieveByExpandingNavigationProperties.xml</file>
            <description>The expand query option to control what data from related entities is returned.</description>
        </component>
    </subComponents>
</component>