<?xml version="1.0" encoding="UTF-8"?>
<!--
~  Copyright (c) 2017, WSO2 Inc. (http://www.wso2.org) All Rights Reserved.
~
~  WSO2 Inc. licenses this file to you under the Apache License,
~  Version 2.0 (the "License"); you may not use this file except
~  in compliance with the License.
~  You may obtain a copy of the License at
~
~    http://www.apache.org/licenses/LICENSE-2.0
~
~  Unless required by applicable law or agreed to in writing,
~  software distributed under the License is distributed on an
~  "AS IS" BASIS, WITHOUT WARRANTIES OR CONDITIONS OF ANY
~  KIND, either express or implied.  See the License for the
~  specific language governing permissions and limitations
~  under the License.
-->

<template name="retrieveNavigationPropertyValues" xmlns="http://ws.apache.org/ns/synapse">
    <parameter name="entityType" description="The type of the entity."/>
    <parameter name="primaryKeyValue" description="The primary key value of entity type to retrieve data."/>
    <parameter name="navigationPropertyValue"
               description="To retrieve the data of an entity using single valued navigation property or collection
               valued navigation property. "/>
    <parameter name="referenceOrCountOfEntity"
               description="For collection-valued navigation properties have the option to request to return only
               references to the related entities or just a count of the related entities. "/>
    <parameter name="queryParam"
               description="The required body content to retrieve data using navigation property values."/>
    <sequence>
        <property name="uri.var.entityType" expression="$func:entityType"/>
        <property name="uri.var.primaryKeyValue" expression="$func:primaryKeyValue"/>
        <property name="uri.var.navigationPropertyValue" expression="$func:navigationPropertyValue"/>
        <property name="uri.var.referenceOrCountOfEntity" expression="$func:referenceOrCountOfEntity"/>
        <property name="uri.var.queryParam" expression="$func:queryParam"/>
        <property name="messageType" value="application/json" scope="axis2"/>
        <property name="DISABLE_CHUNKING" value="true" scope="axis2"/>
        <filter source="boolean($ctx:uri.var.queryParam)" regex="true">
            <then>
                <call>
                    <endpoint>
                        <http method="GET"
                              uri-template="legacy-encoding:{uri.var.msdynamics365.apiUrl}/api/data/{uri.var.msdynamics365.apiVersion}/{uri.var.entityType}({uri.var.primaryKeyValue})/{uri.var.navigationPropertyValue}?$select={uri.var.queryParam}"/>
                    </endpoint>
                </call>
            </then>
            <else>
                <call>
                    <endpoint>
                        <http method="GET"
                              uri-template="legacy-encoding:{uri.var.msdynamics365.apiUrl}/api/data/{uri.var.msdynamics365.apiVersion}/{uri.var.entityType}({uri.var.primaryKeyValue})/{uri.var.navigationPropertyValue}/{uri.var.referenceOrCountOfEntity}"/>
                    </endpoint>
                </call>
            </else>
        </filter>
    </sequence>
</template>