<?xml version="1.0" encoding="UTF-8"?>
<!--
~  Copyright (c) 2016, WSO2 Inc. (http://www.wso2.org) All Rights Reserved.
~
~  WSO2 Inc. licenses this file to you under the Apache License,
~  Version 2.0 (the "License"); you may not use this file except
~  in compliance with the License.
~  You may obtain a copy of the License at
~
~    http://www.apache.org/licenses/LICENSE-2.0
~
~  Unless required by applicable law or agreed to in writing,
~  software distributed under the License is distributed on an
~  "AS IS" BASIS, WITHOUT WARRANTIES OR CONDITIONS OF ANY
~  KIND, either express or implied.  See the License for the
~  specific language governing permissions and limitations
~  under the License.
-->

<component name="github-organization" type="synapse/template">
    <subComponents>
        <component name="listOrganizations">
            <file>listOrganizations.xml</file>
            <description>List organizations for the authenticated user.</description>
        </component>
        <component name="listAllOrganizations">
            <file>listAllOrganizations.xml</file>
            <description>Lists all organizations, in the order that they were created on GitHub.</description>
        </component>
        <component name="listUserOrganizations">
            <file>listUserOrganizations.xml</file>
            <description>List public organization memberships for the specified user.</description>
        </component>
        <component name="getOrganization">
            <file>getOrganization.xml</file>
            <description>List public organization information</description>
        </component>
        <component name="editOrganization">
            <file>editOrganization.xml</file>
            <description>Edit organization information</description>
        </component>
    </subComponents>
</component>