<!--
 ~  Copyright (c) 2016, WSO2 Inc. (http://www.wso2.org) All Rights Reserved.
 ~
 ~  WSO2 Inc. licenses this file to you under the Apache License,
 ~  Version 2.0 (the "License"); you may not use this file except
 ~  in compliance with the License.
 ~  You may obtain a copy of the License at
 ~
 ~    http://www.apache.org/licenses/LICENSE-2.0
 ~
 ~  Unless required by applicable law or agreed to in writing,
 ~  software distributed under the License is distributed on an
 ~  "AS IS" BASIS, WITHOUT WARRANTIES OR CONDITIONS OF ANY
 ~  KIND, either express or implied.  See the License for the
 ~  specific language governing permissions and limitations
 ~  under the License.
-->

<template name="listOrganizations" xmlns="http://ws.apache.org/ns/synapse">
    <parameter name="page" description="Page number"/>
    <parameter name="perPage" description="Items per page"/>
    <sequence>
        <property expression="$func:page" name="uri.var.page"/>
        <property expression="$func:perPage" name="uri.var.perPage"/>
        <script language="js">
            <![CDATA[
                var page = mc.getProperty("uri.var.page");
                var perPage = mc.getProperty("uri.var.perPage");
                var urlQuery ="";

                if (page != null && page != ""){
                    urlQuery += 'page=' + page + '&';
                }

                if (perPage != null && perPage != ""){
                    urlQuery += 'per_page=' + perPage +'&';
                }

                if(urlQuery != ""){
                    urlQuery = '?' + urlQuery.toString().substring(0, urlQuery.toString().lastIndexOf("&"));
                    mc.setProperty('uri.var.urlQuery', urlQuery);
                }
            ]]>
        </script>
        <call>
            <endpoint>
                <http method="get" uri-template="{+uri.var.apiUrl}/user/orgs{+uri.var.urlQuery}"/>
            </endpoint>
        </call>
        <!-- Remove response custom header information -->
        <header name="Access-Control-Expose-Headers" scope="transport" action="remove"/>
        <header name="X-RateLimit-Remaining" scope="transport" action="remove"/>
        <header name="X-XSS-Protection" scope="transport" action="remove"/>
        <header name="X-RateLimit-Reset" scope="transport" action="remove"/>
        <header name="X-GitHub-Request-Id" scope="transport" action="remove"/>
        <header name="X-Content-Type-Options" scope="transport" action="remove"/>
        <header name="X-Frame-Options" scope="transport" action="remove"/>
        <header name="X-OAuth-Scopes" scope="transport" action="remove"/>
        <header name="X-Accepted-OAuth-Scopes" scope="transport" action="remove"/>
        <header name="X-GitHub-Media-Type" scope="transport" action="remove"/>
        <header name="X-Served-By" scope="transport" action="remove"/>
        <header name="Access-Control-Allow-Credentials" scope="transport" action="remove"/>
        <header name="Vary" scope="transport" action="remove"/>
        <header name="X-RateLimit-Limit" scope="transport" action="remove"/>
        <header name="Content-Security-Policy" scope="transport" action="remove"/>
    </sequence>
</template>