<?xml version="1.0" encoding="UTF-8"?>
<!--
~  Copyright (c) 2016, WSO2 Inc. (http://wso2.com) All Rights Reserved.
~
~  WSO2 Inc. licenses this file to you under the Apache License,
~  Version 2.0 (the "License"); you may not use this file except
~  in compliance with the License.
~  You may obtain a copy of the License at
~
~   http://www.apache.org/licenses/LICENSE-2.0
~
~  Unless required by applicable law or agreed to in writing,
~  software distributed under the License is distributed on an
~  "AS IS" BASIS, WITHOUT WARRANTIES OR CONDITIONS OF ANY
~  KIND, either express or implied.  See the License for the
~  specific language governing permissions and limitations
~  under the License.
-->
<template name="init" xmlns="http://ws.apache.org/ns/synapse">
    <parameter name="apiUrl" description="The URL of the netsuite API."/>
    <parameter name="warningAsError"
               description="A Preference object element value which is a boolean.Provides the option to treat warnings as errors or not."/>
    <parameter name="disableMandatoryCustomFieldValidation"
               description="A Preference object element value which is a boolean.Says whether or not to perform mandatory custom field validation."/>
    <parameter name="disableSystemNotesForCustomFields"
               description="A Preference object element value which is a boolean.Says whether or not to disable system notes for custom fields."/>
    <parameter name="ignoreReadOnlyFields"
               description="A Preference object element value which is a boolean.Says whether or not to ignore read only fields."/>
    <parameter name="partnerId" description="Partner Id of the request.A Header parameter."/>
    <parameter name="applicationId" description="The application Id of the request.A Header parameter."/>
    <parameter name="email" description="Email address of the authenticated user.A Header parameter."/>
    <parameter name="password" description="Valid password of the authenticated user.A Header parameter."/>
    <parameter name="account" description="The ID of the authenticated netsuite account.A Header parameter."/>
    <parameter name="roleInternalId" description="Internal ID of the role.A Header parameter."/>
    <parameter name="roleExternalId" description="External ID of the role.A Header parameter."/>
    <parameter name="roleType" description="Type of the role.A Header parameter."/>
    <parameter name="roleName" description="Name of the role.A Header parameter."/>
    <parameter name="blocking" description="Set to true to perform the blocking invocations to Netsuite."/>
    <sequence>
        <property name="uri.var.apiUrl" expression="$func:apiUrl"/>
        <property name="uri.var.warningAsError" expression="$func:warningAsError"/>
        <property name="uri.var.disableMandatoryCustomFieldValidation"
                  expression="$func:disableMandatoryCustomFieldValidation"/>
        <property name="uri.var.disableSystemNotesForCustomFields"
                  expression="$func:disableSystemNotesForCustomFields"/>
        <property name="uri.var.ignoreReadOnlyFields" expression="$func:ignoreReadOnlyFields"/>
        <property name="uri.var.partnerId" expression="$func:partnerId"/>
        <property name="uri.var.applicationId" expression="$func:applicationId"/>
        <property name="uri.var.email" expression="$func:email"/>
        <property name="uri.var.password" expression="$func:password"/>
        <property name="uri.var.account" expression="$func:account"/>
        <property name="uri.var.roleInternalId" expression="$func:roleInternalId"/>
        <property name="uri.var.roleExternalId" expression="$func:roleExternalId"/>
        <property name="uri.var.roleType" expression="$func:roleType"/>
        <property name="uri.var.roleName" expression="$func:roleName"/>
        <property name="netsuiteBlocking" expression="$func:blocking"/>
        <header name="To" expression="get-property('uri.var.apiUrl')"/>
    </sequence>
</template>