{
  "id": "http:\/\/wso2jsonschema.org",
  "title": "sfdc:sObjects",
  "$schema": "http:\/\/wso2.org\/json-schema\/wso2-data-mapper-v5.0.0\/schema#",
  "properties": {
    "sfdc:sObjectType": {
      "id": "http:\/\/wso2jsonschema.org\/sfdc:sObjectType",
      "type": "array",
      "items": [
        {
          "id": "http:\/\/wso2jsonschema.org\/sfdc:sObjectType\/0",
          "type": "string"
        }
      ]
    }
  },
  "type": "object",
  "namespaces": [
    {
      "prefix": "sfdc",
      "url": "sfdc"
    }
  ]
}