<?xml version="1.0" encoding="UTF-8"?>
<!--
   Copyright (c) 2016, WSO2 Inc. (http://www.wso2.org) All Rights Reserved.
   WSO2 Inc. licenses this file to you under the Apache License,
   Version 2.0 (the "License"); you may not use this file except
   in compliance with the License.
   You may obtain a copy of the License at

   http://www.apache.org/licenses/LICENSE-2.0

   Unless required by applicable law or agreed to in writing,
   software distributed under the License is distributed on an
   "AS IS" BASIS, WITHOUT WARRANTIES OR CONDITIONS OF ANY
   KIND, either express or implied.  See the License for the
   specific language governing permissions and limitations
   under the License.
-->
<template name="retrieveFieldValuesFromExternalObject" xmlns="http://ws.apache.org/ns/synapse">
    <parameter name="externalObject" description="The External object of the organization."/>
    <parameter name="salesforceId" description="The row Id of the object."/>
    <parameter name="externalFields" description="The comma separated field values."/>
    <sequence>
        <property name="uri.var.externalObject" expression="$func:externalObject"/>
        <property name="uri.var.salesforceId" expression="$func:salesforceId"/>
        <property name="uri.var.externalFields" expression="$func:externalFields"/>
        <property name="Accept-Encoding" scope="transport" action="remove"/>
        <call>
            <endpoint>
                <http method="get"
                      uri-template="{uri.var.apiUrl}/services/data/{uri.var.apiVersion}/sobjects/{uri.var.externalObject}/{uri.var.salesforceId}?fields={uri.var.externalFields}"/>
            </endpoint>
        </call>
    </sequence>
</template>