<?xml version="1.0" encoding="UTF-8"?>
<!--
~  Copyright (c) 2016, WSO2 Inc. (http://www.wso2.org) All Rights Reserved.
~
~  WSO2 Inc. licenses this file to you under the Apache License,
~  Version 2.0 (the "License"); you may not use this file except
~  in compliance with the License.
~  You may obtain a copy of the License at
~
~    http://www.apache.org/licenses/LICENSE-2.0
~
~  Unless required by applicable law or agreed to in writing,
~  software distributed under the License is distributed on an
~  "AS IS" BASIS, WITHOUT WARRANTIES OR CONDITIONS OF ANY
~  KIND, either express or implied.  See the License for the
~  specific language governing permissions and limitations
~  under the License.
-->

<component name="github-activity" type="synapse/template">
    <subComponents>
        <component name="getNotifications">
            <file>getNotifications.xml</file>
            <description>Lists notifications</description>
        </component>
        <component name="getRepositoryNotifications">
            <file>getRepositoryNotifications.xml</file>
            <description>Get a specific repository notifications.</description>
        </component>
        <component name="getFeeds">
            <file>getFeeds.xml</file>
            <description>GitHub provides several timeline resources in Atom format.</description>
        </component>
        <component name="getRepositoryEvents">
            <file>getRepositoryEvents.xml</file>
            <description>Repository issue events have a different format than other events</description>
        </component>
    </subComponents>
</component>