<?xml version="1.0" encoding="UTF-8"?>
<!--
~  Copyright (c) 2016, WSO2 Inc. (http://www.wso2.org) All Rights Reserved.
~
~  WSO2 Inc. licenses this file to you under the Apache License,
~  Version 2.0 (the "License"); you may not use this file except
~  in compliance with the License.
~  You may obtain a copy of the License at
~
~    http://www.apache.org/licenses/LICENSE-2.0
~
~  Unless required by applicable law or agreed to in writing,
~  software distributed under the License is distributed on an
~  "AS IS" BASIS, WITHOUT WARRANTIES OR CONDITIONS OF ANY
~  KIND, either express or implied.  See the License for the
~  specific language governing permissions and limitations
~  under the License.
-->

<connector>
    <component name="github" package="org.wso2.carbon.connector">
        <dependency component="github-config"/>
        <dependency component="github-gitdata"/>
        <dependency component="github-issues"/>
        <dependency component="github-pullrequests"/>
        <dependency component="github-search"/>
        <dependency component="github-users"/>
        <dependency component="github-repositories"/>
        <dependency component="github-activity"/>
        <dependency component="github-statistics"/>
        <dependency component="github-commits"/>
        <dependency component="github-contributors"/>
        <dependency component="github-organization"/>
        <dependency component="github-organization-members"/>
        <description>github connector libraries</description>
    </component>
    <icon>icon/icon-small.gif</icon>
</connector>
