<?xml version="1.0" encoding="UTF-8"?>
<!--
  ~ Copyright (c) 2016, WSO2 Inc. (http://www.wso2.org) All Rights Reserved.
  ~
  ~ WSO2 Inc. licenses this file to you under the Apache License,
  ~ Version 2.0 (the "License"); you may not use this file except
  ~ in compliance with the License.
  ~ You may obtain a copy of the License at
  ~
  ~    http://www.apache.org/licenses/LICENSE-2.0
  ~
  ~ Unless required by applicable law or agreed to in writing,
  ~ software distributed under the License is distributed on an
  ~ "AS IS" BASIS, WITHOUT WARRANTIES OR CONDITIONS OF ANY
  ~ KIND, either express or implied.  See the License for the
  ~ specific language governing permissions and limitations
  ~ under the License.
-->

<template name="deleteSheetBatchRequest" xmlns="http://ws.apache.org/ns/synapse">
    <parameter name="spreadsheetId" description="Unique identifier of the spreadsheet"/>
    <parameter name="requests"
               description="It contains data that is a kind of update to apply to a spreadshee"/>
    <parameter name="fields"
               description="Specifying which fields to include in a partial response"/>
    <sequence>
        <property name="uri.var.spreadsheetId" expression="$func:spreadsheetId"/>
        <property name="uri.var.requests" expression="$func:requests"/>
        <property name="fields" expression="$func:fields"/>
        <payloadFactory media-type="json">
            <format>
                {
                "requests": $1
                }
            </format>
            <args>
                <arg expression="$ctx:uri.var.requests"/>
            </args>
        </payloadFactory>
        <script language="js">
            <![CDATA[
                //url param variables
                var fields = mc.getProperty("fields");
                //url param processing start
                var urlParamString = '';
                if (fields != "" && fields != null) {
                    urlParamString += '&fields=' + fields;
                }
                if(urlParamString != '') {
                    urlParamString = '?' + urlParamString.toString().substring(1);
                }
                mc.setProperty('uri.var.urlParamString', urlParamString);
                //url param processing end
            ]]>
        </script>
        <filter source="$ctx:spreadsheetBlocking" regex="true">
            <then>
                <call blocking="true">
                    <endpoint>
                        <http method="post"
                              uri-template="{uri.var.apiUrl}/{+uri.var.spreadsheetId}:batchUpdate{+uri.var.urlParamString}"/>
                    </endpoint>
                </call>
            </then>
            <else>
                <call>
                    <endpoint>
                        <http method="post"
                              uri-template="{uri.var.apiUrl}/{+uri.var.spreadsheetId}:batchUpdate{+uri.var.urlParamString}"/>
                    </endpoint>
                </call>
            </else>
        </filter>
        <!-- Remove response custom header information -->
        <header name="Cache-Control" scope="transport" action="remove"/>
        <header name="Content-Encoding" scope="transport" action="remove"/>
        <header name="Content-Length" scope="transport" action="remove"/>
        <header name="Content-Type" scope="transport" action="remove"/>
        <header name="Date" scope="transport" action="remove"/>
        <header name="Server" scope="transport" action="remove"/>
        <header name="Vary" scope="transport" action="remove"/>
    </sequence>
</template>