<?xml version="1.0" encoding="UTF-8"?><artifacts>
    <artifact name="sf_init" groupId="com.example.SalesforceleadsToGoogle.local-entry" version="1.0.0" type="synapse/local-entry" serverRole="EnterpriseServiceBus">
        <file>src/main/synapse-config/local-entries/sf_init.xml</file>
    </artifact>
    <artifact name="gs_init" groupId="com.example.SalesforceleadsToGoogle.local-entry" version="1.0.0" type="synapse/local-entry" serverRole="EnterpriseServiceBus">
        <file>src/main/synapse-config/local-entries/gs_init.xml</file>
    </artifact>
    <artifact name="gm_init" groupId="com.example.SalesforceleadsToGoogle.local-entry" version="1.0.0" type="synapse/local-entry" serverRole="EnterpriseServiceBus">
        <file>src/main/synapse-config/local-entries/gm_init.xml</file>
    </artifact>
    <artifact name="salesforceToGmailandSpreadsheet" groupId="com.example.SalesforceleadsToGoogle.sequence" version="1.0.0" type="synapse/sequence" serverRole="EnterpriseServiceBus">
        <file>src/main/synapse-config/sequences/salesforceToGmailandSpreadsheet.xml</file>
    </artifact>
    <artifact name="SalesforceToGoolgle" groupId="com.example.SalesforceleadsToGoogle.task" version="1.0.0" type="synapse/task" serverRole="EnterpriseServiceBus">
        <file>src/main/synapse-config/tasks/SalesforceToGoolgle.xml</file>
    </artifact>
</artifacts>
