<?xml version="1.0" encoding="UTF-8"?>
<!--
~  Copyright (c) 2017, WSO2 Inc. (http://www.wso2.org) All Rights Reserved.
~
~  WSO2 Inc. licenses this file to you under the Apache License,
~  Version 2.0 (the "License"); you may not use this file except
~  in compliance with the License.
~  You may obtain a copy of the License at
~
~    http://www.apache.org/licenses/LICENSE-2.0
~
~  Unless required by applicable law or agreed to in writing,
~  software distributed under the License is distributed on an
~  "AS IS" BASIS, WITHOUT WARRANTIES OR CONDITIONS OF ANY
~  KIND, either express or implied.  See the License for the
~  specific language governing permissions and limitations
~  under the License.
-->

<template name="associateAnExistingEntity" xmlns="http://ws.apache.org/ns/synapse">
    <parameter name="entityType"
               description="The existing entity name to add a reference to a collection-valued or single valued
               navigation property or single valued navigation property."/>
    <parameter name="bodyContent" description="The required body content to associate an existing entity."/>
    <parameter name="primaryKeyValue"
               description="The primary key value of entity type to add a reference to a collection-valued or
               single-valued navigation property."/>
    <parameter name="navigationPropertyValue"
               description="The collection-valued or single valued navigation property to associate an existing
               entity."/>
    <parameter name="useCollectionValuedNavigationProperty"
               description="Check whether the collection-valued navigation property is used to associate an existing
               entity."/>
    <sequence>
        <property name="uri.var.entityType" expression="$func:entityType"/>
        <property name="bodyContent" expression="$func:bodyContent"/>
        <property name="uri.var.primaryKeyValue" expression="$func:primaryKeyValue"/>
        <property name="uri.var.navigationPropertyValue" expression="$func:navigationPropertyValue"/>
        <property name="uri.var.useCollectionValuedNavigationProperty"
                  expression="$func:useCollectionValuedNavigationProperty"/>
        <property name="messageType" value="application/json" scope="axis2"/>
        <property name="DISABLE_CHUNKING" value="true" scope="axis2"/>
        <payloadFactory media-type="json">
            <format>
                $1
            </format>
            <args>
                <arg expression="$ctx:bodyContent"/>
            </args>
        </payloadFactory>
        <filter source="$ctx:uri.var.useCollectionValuedNavigationProperty" regex="true">
            <then>
                <call>
                    <endpoint>
                        <http method="POST"
                              uri-template="legacy-encoding:{uri.var.msdynamics365.apiUrl}/api/data/{uri.var.msdynamics365.apiVersion}/{uri.var.entityType}({uri.var.primaryKeyValue})/{uri.var.navigationPropertyValue}/$ref"/>
                    </endpoint>
                </call>
            </then>
            <else>
                <call>
                    <endpoint>
                        <http method="PUT"
                              uri-template="legacy-encoding:{uri.var.msdynamics365.apiUrl}/api/data/{uri.var.msdynamics365.apiVersion}/{uri.var.entityType}({uri.var.primaryKeyValue})/{uri.var.navigationPropertyValue}/$ref"/>
                    </endpoint>
                </call>
            </else>
        </filter>
    </sequence>
</template>