<?xml version="1.0" encoding="UTF-8"?>
<!--
~  Copyright (c) 2017, WSO2 Inc. (http://www.wso2.org) All Rights Reserved.
~
~  WSO2 Inc. licenses this file to you under the Apache License,
~  Version 2.0 (the "License"); you may not use this file except
~  in compliance with the License.
~  You may obtain a copy of the License at
~
~    http://www.apache.org/licenses/LICENSE-2.0
~
~  Unless required by applicable law or agreed to in writing,
~  software distributed under the License is distributed on an
~  "AS IS" BASIS, WITHOUT WARRANTIES OR CONDITIONS OF ANY
~  KIND, either express or implied.  See the License for the
~  specific language governing permissions and limitations
~  under the License.
-->

<template name="removeEntityReferenceForCollectionValuedProperty" xmlns="http://ws.apache.org/ns/synapse">
    <parameter name="entityType"
               description="The existing entity name to remove a reference to a collection-valued navigation property
               or single valued navigation property."/>
    <parameter name="primaryKeyValueOfFirstEntity"
               description="The primary key value of entity type to remove reference to an entity."/>
    <parameter name="primaryKeyValueOfSecondEntity"
               description="The primary key value of another entity type to remove reference to that entity"/>
    <parameter name="navigationPropertyValue"
               description="The collection-valued navigation property to associate an existing entity."/>
    <parameter name="queryParam"
               description="The required query params to remove reference to a collection-valued navigation property."/>
    <sequence>
        <property name="uri.var.entityType" expression="$func:entityType"/>
        <property name="uri.var.primaryKeyValueOfFirstEntity" expression="$func:primaryKeyValueOfFirstEntity"/>
        <property name="uri.var.primaryKeyValueOfSecondEntity" expression="$func:primaryKeyValueOfSecondEntity"/>
        <property name="uri.var.navigationPropertyValue" expression="$func:navigationPropertyValue"/>
        <property name="uri.var.queryParam" expression="$func:queryParam"/>
        <property name="messageType" value="application/json" scope="axis2"/>
        <property name="DISABLE_CHUNKING" value="true" scope="axis2"/>
        <filter source="boolean($ctx:uri.var.queryParam)" regex="true">
            <then>
                <call>
                    <endpoint>
                        <http method="DELETE"
                              uri-template="legacy-encoding:{uri.var.msdynamics365.apiUrl}/api/data/{uri.var.msdynamics365.apiVersion}/{uri.var.entityType}({uri.var.primaryKeyValueOfFirstEntity})/{uri.var.navigationPropertyValue}/$ref?{uri.var.queryParam}"/>
                    </endpoint>
                </call>
            </then>
            <else>
                <call>
                    <endpoint>
                        <http method="DELETE"
                              uri-template="{uri.var.msdynamics365.apiUrl}/api/data/{uri.var.msdynamics365.apiVersion}/{uri.var.entityType}({+uri.var.primaryKeyValueOfFirstEntity})/{+uri.var.navigationPropertyValue}({+uri.var.primaryKeyValueOfSecondEntity})/$ref"/>
                    </endpoint>
                </call>
            </else>
        </filter>
    </sequence>
</template>