<?xml version="1.0" encoding="UTF-8"?>
<!--
~  Copyright (c) 2016, WSO2 Inc. (http://www.wso2.org) All Rights Reserved.
~
~  WSO2 Inc. licenses this file to you under the Apache License,
~  Version 2.0 (the "License"); you may not use this file except
~  in compliance with the License.
~  You may obtain a copy of the License at
~
~    http://www.apache.org/licenses/LICENSE-2.0
~
~  Unless required by applicable law or agreed to in writing,
~  software distributed under the License is distributed on an
~  "AS IS" BASIS, WITHOUT WARRANTIES OR CONDITIONS OF ANY
~  KIND, either express or implied.  See the License for the
~  specific language governing permissions and limitations
~  under the License.
-->

<template name="getMembersList" xmlns="http://ws.apache.org/ns/synapse">
    <parameter name="org" description="The name of the organization."/>
    <parameter name="filter" description="Filter members returned in the list."/>
    <parameter name="role" description="Filter members returned by their role."/>
    <sequence>
        <property name="uri.var.org" expression="$func:org"/>
        <property name="uri.var.filter" expression="$func:filter"/>
        <property name="uri.var.role" expression="$func:role"/>
        <script language="js">
            <![CDATA[
                var filter = mc.getProperty("uri.var.filter");
                var role = mc.getProperty("uri.var.role");
                var urlQuery = "";

                  // constructing the optional url parameters
                  if (filter!=null && filter!= ""){
                     urlQuery+='filter='+ filter +'&';
                  }

                  if (role!=null && role!= ""){
                     urlQuery+='role=' + role + '&';
                  }

                  mc.setProperty('uri.var.urlQuery', urlQuery);
                  ]]>
        </script>
        <call>
            <endpoint>
                <http method="get" uri-template="{+uri.var.apiUrl}/orgs/{uri.var.org}/members"/>
            </endpoint>
        </call>
        <!-- Remove response custom header information -->
        <header name="Access-Control-Expose-Headers" scope="transport" action="remove"/>
        <header name="X-RateLimit-Remaining" scope="transport" action="remove"/>
        <header name="X-XSS-Protection" scope="transport" action="remove"/>
        <header name="X-RateLimit-Reset" scope="transport" action="remove"/>
        <header name="X-GitHub-Request-Id" scope="transport" action="remove"/>
        <header name="X-Content-Type-Options" scope="transport" action="remove"/>
        <header name="X-Frame-Options" scope="transport" action="remove"/>
        <header name="X-OAuth-Scopes" scope="transport" action="remove"/>
        <header name="X-Accepted-OAuth-Scopes" scope="transport" action="remove"/>
        <header name="X-GitHub-Media-Type" scope="transport" action="remove"/>
        <header name="X-Served-By" scope="transport" action="remove"/>
        <header name="Access-Control-Allow-Credentials" scope="transport" action="remove"/>
        <header name="Vary" scope="transport" action="remove"/>
        <header name="X-RateLimit-Limit" scope="transport" action="remove"/>
        <header name="Content-Security-Policy" scope="transport" action="remove"/>
    </sequence>
</template>