<?xml version="1.0" encoding="UTF-8"?>
<!--
~  Copyright (c) 2016, WSO2 Inc. (http://www.wso2.org) All Rights Reserved.
~
~  WSO2 Inc. licenses this file to you under the Apache License,
~  Version 2.0 (the "License"); you may not use this file except
~  in compliance with the License.
~  You may obtain a copy of the License at
~
~    http://www.apache.org/licenses/LICENSE-2.0
~
~  Unless required by applicable law or agreed to in writing,
~  software distributed under the License is distributed on an
~  "AS IS" BASIS, WITHOUT WARRANTIES OR CONDITIONS OF ANY
~  KIND, either express or implied.  See the License for the
~  specific language governing permissions and limitations
~  under the License.
-->

<component name="github-organization-members" type="synapse/template">
    <subComponents>
        <component name="getMembersList">
            <file>getMembersList.xml</file>
            <description>List all users who are members of an organization.</description>
        </component>
        <component name="addMembership">
            <file>addMembership.xml</file>
            <description>To add someone as a member to an organization.</description>
        </component>
        <component name="checkMembership">
            <file>checkMembership.xml</file>
            <description>Check if a user is, publicly or privately, a member of the organization.</description>
        </component>
    </subComponents>
</component>