{
  "id": "http:\/\/wso2jsonschema.org",
  "title": "createResponse",
  "$schema": "http:\/\/wso2.org\/json-schema\/wso2-data-mapper-v5.0.0\/schema#",
  "properties": {
    "result": {
      "id": "http:\/\/wso2jsonschema.org\/result",
      "type": "object",
      "properties": {
        "id": {
          "id": "http:\/\/wso2jsonschema.org\/result\/id",
          "type": "string"
        },
        "success": {
          "id": "http:\/\/wso2jsonschema.org\/result\/success",
          "type": "boolean"
        }
      }
    }
  },
  "type": "object"
}