<!--
 ~  Copyright (c) 2016, WSO2 Inc. (http://www.wso2.org) All Rights Reserved.
 ~
 ~  WSO2 Inc. licenses this file to you under the Apache License,
 ~  Version 2.0 (the "License"); you may not use this file except
 ~  in compliance with the License.
 ~  You may obtain a copy of the License at
 ~
 ~    http://www.apache.org/licenses/LICENSE-2.0
 ~
 ~  Unless required by applicable law or agreed to in writing,
 ~  software distributed under the License is distributed on an
 ~  "AS IS" BASIS, WITHOUT WARRANTIES OR CONDITIONS OF ANY
 ~  KIND, either express or implied.  See the License for the
 ~  specific language governing permissions and limitations
 ~  under the License.
-->

<template name="getNotifications" xmlns="http://ws.apache.org/ns/synapse">
    <parameter name="all" description="If true, show notifications marked as read. Default: false."/>
    <parameter name="participating"
               description="If true, only shows notifications in which the user is directly participating or mentioned.
               Default: false."/>
    <parameter name="since"
               description="Filters out any notifications updated before the given time.
               This is a timestamp in ISO 8601 format: YYYY-MM-DDTHH:MM:SSZ. Default: Time.now."/>
    <sequence>
        <property name="uri.var.all" expression="$func:all"/>
        <property name="uri.var.participating" expression="$func:participating"/>
        <property name="uri.var.since" expression="$func:since"/>
        <script language="js">
            <![CDATA[
                    var all = mc.getProperty('uri.var.all');
                    var participating = mc.getProperty('uri.var.participating');
                    var since = mc.getProperty('uri.var.since');                    
                    var urlQuery = "";
                    if (all != null && all !="" ){
                        urlQuery += 'all=' + all + '&';
                    }                                       					           
                    if (participating != null && participating != "" ) {
                        urlQuery += 'participating=' + participating + '&';
                    }
                    if (since != null && since != "" ) {
                        urlQuery += 'since=' + since + '&';
                    }
                    if (urlQuery != ""){
                        urlQuery = '?' + urlQuery.toString().substring(0, urlQuery.toString().lastIndexOf("&"));
                        mc.setProperty('uri.var.urlQuery', urlQuery);
                    }
            ]]>
        </script>
        <call>
            <endpoint>
                <http method="get" uri-template="{+uri.var.apiUrl}/notifications{+uri.var.urlQuery}"/>
            </endpoint>
        </call>
        <header name="Access-Control-Expose-Headers" scope="transport" action="remove"/>
        <header name="X-RateLimit-Remaining" scope="transport" action="remove"/>
        <header name="X-XSS-Protection" scope="transport" action="remove"/>
        <header name="X-RateLimit-Reset" scope="transport" action="remove"/>
        <header name="X-GitHub-Request-Id" scope="transport" action="remove"/>
        <header name="X-Content-Type-Options" scope="transport" action="remove"/>
        <header name="X-Frame-Options" scope="transport" action="remove"/>
        <header name="X-OAuth-Scopes" scope="transport" action="remove"/>
        <header name="X-Accepted-OAuth-Scopes" scope="transport" action="remove"/>
        <header name="X-GitHub-Media-Type" scope="transport" action="remove"/>
        <header name="X-Served-By" scope="transport" action="remove"/>
        <header name="Vary" scope="transport" action="remove"/>
        <header name="X-RateLimit-Limit" scope="transport" action="remove"/>
        <header name="Access-Control-Allow-Credentials" scope="transport" action="remove"/>
        <header name="Content-Security-Policy" scope="transport" action="remove"/>
        <header name="Link" scope="transport" action="remove"/>
        <header name="X-Poll-Interval" scope="transport" action="remove"/>
    </sequence>
</template>