<?xml version="1.0" encoding="UTF-8"?>
<!--
~  Copyright (c) 2016, WSO2 Inc. (http://wso2.com) All Rights Reserved.
~
~  WSO2 Inc. licenses this file to you under the Apache License,
~  Version 2.0 (the "License"); you may not use this file except
~  in compliance with the License.
~  You may obtain a copy of the License at
~
~   http://www.apache.org/licenses/LICENSE-2.0
~
~  Unless required by applicable law or agreed to in writing,
~  software distributed under the License is distributed on an
~  "AS IS" BASIS, WITHOUT WARRANTIES OR CONDITIONS OF ANY
~  KIND, either express or implied.  See the License for the
~  specific language governing permissions and limitations
~  under the License.
-->
<component name="netsuite-delete" type="synapse/template">
    <subComponents>
        <component name="detach">
            <file>detach.xml</file>
            <description>Use to detach another record or file to or from another record.</description>
        </component>
        <component name="deleteList">
            <file>deleteList.xml</file>
            <description>Use to delete one or more existing instances of a certain record type in NetSuite.
            </description>
        </component>
    </subComponents>
</component>