<!--
 ~  Copyright (c) 2016, WSO2 Inc. (http://www.wso2.org) All Rights Reserved.
 ~
 ~  WSO2 Inc. licenses this file to you under the Apache License,
 ~  Version 2.0 (the "License"); you may not use this file except
 ~  in compliance with the License.
 ~  You may obtain a copy of the License at
 ~
 ~    http://www.apache.org/licenses/LICENSE-2.0
 ~
 ~  Unless required by applicable law or agreed to in writing,
 ~  software distributed under the License is distributed on an
 ~  "AS IS" BASIS, WITHOUT WARRANTIES OR CONDITIONS OF ANY
 ~  KIND, either express or implied.  See the License for the
 ~  specific language governing permissions and limitations
 ~  under the License.
-->

<template name="init" xmlns="http://ws.apache.org/ns/synapse">

    <parameter name="apiUrl" description="Url of the Github API."/>
    <parameter name="accessToken" description="Access token used to call api methods."/>
    <parameter name="mediaType"
               description="Custom media type used by the API to let consumers choose the format of the data they wish to receive."/>
    <sequence>
        <property name="uri.var.apiUrl" expression="$func:apiUrl"/>
        <property name="uri.var.accessToken" expression="$func:accessToken"/>
        <property name="uri.var.mediaType" expression="$func:mediaType"/>
        <header name="Authorization" expression="fn:concat('token ', get-property('uri.var.accessToken'))"
                scope="transport"/>
        <!-- Media type header will be set, if provided by the user -->
        <filter source="boolean(get-property('uri.var.mediaType'))" regex="true">
            <header name="Accept" expression="get-property('uri.var.mediaType')" scope="transport"/>
        </filter>
        <!-- If the apiUrl is not specified, set the default value as https://api.github.com -->
        <filter source="boolean(get-property('uri.var.apiUrl'))" regex="false">
            <then>
                <property name="uri.var.apiUrl" value="https://api.github.com"/>
            </then>
        </filter>
    </sequence>
</template>